PostId,PostedBy,description,URL,PostedOn
1,User1,Dummy Data1,https://URL1,3/5/2020 10:40
2,User2,Dummy Data2,https://URL2,3/5/2020 10:36
3,User3,Dummy Data3,https://URL3,3/5/2020 1:59
4,User4,Dummy Data4,https://URL4,3/4/2020 12:00
5,User5,Dummy Data5,https://URL5,3/6/2020 9:47
6,User6,Dummy Data6,https://URL6,3/5/2020 2:22
7,User7,Dummy Data7,https://URL7,3/7/2020 3:55
8,User8,Dummy Data8,https://URL8,3/6/2020 10:21
9,User9,Dummy Data9,https://URL9,3/6/2020 17:50
10,User10,Dummy Data10,https://URL10,3/6/2020 12:50
11,User11,Dummy Data11,https://URL11,3/6/2020 12:50
12,User12,Dummy Data12,https://URL12,3/6/2020 23:24
